{"cameraMode":{"drawMode":0,"name":"Shaded","section":"Shading Mode"},"sceneLighting":false,"audioPlay":false,"sceneViewState":{"m_AlwaysRefresh":false,"showFog":true,"showSkybox":false,"showFlares":true,"showImageEffects":true,"showParticleSystems":true,"showVisualEffectGraphs":true,"m_FxEnabled":true},"in2DMode":false,"pivot":{"x":13.489999771118164,"y":3.2079999446868898,"z":12.95300006866455},"rotation":{"x":-0.005434588063508272,"y":-0.9817140698432922,"z":0.028289426118135454,"w":-0.1883723884820938},"size":1.8874586820602418,"orthographic":false}