{"cameraMode":{"drawMode":0,"name":"Shaded","section":"Shading Mode"},"sceneLighting":false,"audioPlay":false,"sceneViewState":{"m_AlwaysRefresh":false,"showFog":true,"showSkybox":false,"showFlares":true,"showImageEffects":true,"showParticleSystems":true,"showVisualEffectGraphs":true,"m_FxEnabled":true},"in2DMode":false,"pivot":{"x":0.018773069605231286,"y":0.10320314019918442,"z":0.7838510274887085},"rotation":{"x":-0.5186302661895752,"y":0.06322357803583145,"z":-0.038503680378198627,"w":-0.8518276810646057},"size":6.854822158813477,"orthographic":false}