{"cameraMode":{"drawMode":0,"name":"Shaded","section":"Shading Mode"},"sceneLighting":false,"audioPlay":false,"sceneViewState":{"m_AlwaysRefresh":false,"showFog":true,"showSkybox":false,"showFlares":true,"showImageEffects":true,"showParticleSystems":true,"showVisualEffectGraphs":true,"m_FxEnabled":true},"in2DMode":false,"pivot":{"x":0.1598857045173645,"y":0.7067493200302124,"z":0.513922929763794},"rotation":{"x":0.045330584049224856,"y":-0.9357867240905762,"z":0.1308240443468094,"w":0.32431232929229739},"size":3.050330877304077,"orthographic":false}