{"cameraMode":{"drawMode":0,"name":"Shaded","section":"Shading Mode"},"sceneLighting":true,"audioPlay":false,"sceneViewState":{"m_AlwaysRefresh":false,"showFog":true,"showSkybox":true,"showFlares":true,"showImageEffects":true,"showParticleSystems":true,"showVisualEffectGraphs":true,"m_FxEnabled":true},"in2DMode":false,"pivot":{"x":613.0004272460938,"y":12.555055618286133,"z":545.6549682617188},"rotation":{"x":0.04177264869213104,"y":-0.8830167055130005,"z":0.07993593066930771,"w":0.46073582768440249},"size":2.3263049125671388,"orthographic":false}