{"cameraMode":{"drawMode":0,"name":"Shaded","section":"Shading Mode"},"sceneLighting":true,"audioPlay":false,"sceneViewState":{"m_AlwaysRefresh":false,"showFog":true,"showSkybox":true,"showFlares":true,"showImageEffects":true,"showParticleSystems":true,"showVisualEffectGraphs":true,"m_FxEnabled":true},"in2DMode":false,"pivot":{"x":613.3487548828125,"y":10.999959945678711,"z":544.8389892578125},"rotation":{"x":-0.014145891182124615,"y":-0.7963510751724243,"z":0.018635878339409829,"w":-0.6043891310691834},"size":4.393063068389893,"orthographic":false}