{"cameraMode":{"drawMode":0,"name":"Shaded","section":"Shading Mode"},"sceneLighting":false,"audioPlay":false,"sceneViewState":{"m_AlwaysRefresh":false,"showFog":true,"showSkybox":false,"showFlares":true,"showImageEffects":true,"showParticleSystems":true,"showVisualEffectGraphs":true,"m_FxEnabled":true},"in2DMode":false,"pivot":{"x":0.22267019748687745,"y":0.7669047117233276,"z":1.0898617506027222},"rotation":{"x":-0.07761851698160172,"y":0.4352300763130188,"z":-0.037707578390836719,"w":-0.8962082266807556},"size":3.9967637062072756,"orthographic":false}