{"cameraMode":{"drawMode":0,"name":"Shaded","section":"Shading Mode"},"sceneLighting":false,"audioPlay":false,"sceneViewState":{"m_AlwaysRefresh":false,"showFog":true,"showSkybox":false,"showFlares":true,"showImageEffects":true,"showParticleSystems":true,"showVisualEffectGraphs":true,"m_FxEnabled":true},"in2DMode":false,"pivot":{"x":620.8932495117188,"y":12.714488983154297,"z":547.8524169921875},"rotation":{"x":-0.42164161801338198,"y":-0.11323989182710648,"z":0.053108710795640948,"w":-0.8981783986091614},"size":2.969575881958008,"orthographic":false}