{"cameraMode":{"drawMode":0,"name":"Shaded","section":"Shading Mode"},"sceneLighting":false,"audioPlay":false,"sceneViewState":{"m_AlwaysRefresh":false,"showFog":true,"showSkybox":false,"showFlares":true,"showImageEffects":true,"showParticleSystems":true,"showVisualEffectGraphs":true,"m_FxEnabled":true},"in2DMode":false,"pivot":{"x":0.06488347053527832,"y":0.8823440670967102,"z":0.24013516306877137},"rotation":{"x":-0.02286592125892639,"y":0.936571478843689,"z":-0.062192052602767947,"w":-0.3442119359970093},"size":1.307985782623291,"orthographic":false}