{"cameraMode":{"drawMode":0,"name":"Shaded","section":"Shading Mode"},"sceneLighting":false,"audioPlay":false,"sceneViewState":{"m_AlwaysRefresh":false,"showFog":false,"showSkybox":false,"showFlares":false,"showImageEffects":false,"showParticleSystems":false,"showVisualEffectGraphs":true,"m_FxEnabled":true},"in2DMode":false,"pivot":{"x":0.000028014183044433594,"y":1.0502369403839112,"z":-0.02814030647277832},"rotation":{"x":-0.16424883902072907,"y":0.4672022759914398,"z":-0.0887870341539383,"w":-0.8642293214797974},"size":1.207835078239441,"orthographic":false}